{
    "version": 2,
    "$schema": "https://schemas.wp.org/wp/6.2/theme.json",
    "settings": {
        "typography": {
            "fontFamilies": [
                {
                    "fontFamily": "Helvetica Neue",
                    "slug": "Helvetica-Neue",
                    "name": "Helvetica Neue"
                },
				{
                    "fontFamily": "Graphik",
                    "slug": "Graphik",
                    "name": "Graphik"
                }
            ]
        }
    }
}